"New FBA Offer Count: 30 days avg.","New FBA Offer Count: 90 days avg.","New FBA Offer Count: 180 days avg.","New FBA Offer Count: 365 days avg.","New FBA Offer Count: 1 day drop %","New FBA Offer Count: 7 days drop %","New FBA Offer Count: 30 days drop %","New FBA Offer Count: 90 days drop %","New FBM Offer Count: 30 days avg.","New FBM Offer Count: 90 days avg.","New FBM Offer Count: 180 days avg.","New FBM Offer Count: 365 days avg.","New FBM Offer Count: 1 day drop %","New FBM Offer Count: 7 days drop %","New FBM Offer Count: 30 days drop %","New FBM Offer Count: 90 days drop %","URL: URL slug","Sales Rank: Historical","ASIN","Parent Title","Sales Rank: Is Lowest","Sales Rank: Is Lowest 90 days","Buy Box: Is Lowest","Buy Box: Is Lowest 90 days","Amazon: Is Lowest","Amazon: Is Lowest 90 days","New: Is Lowest","New: Is Lowest 90 days","New, 3rd Party FBA: Is Lowest","New, 3rd Party FBA: Is Lowest 90 days","New, 3rd Party FBM: Is Lowest","New, 3rd Party FBM: Is Lowest 90 days","New, Prime exclusive: Is Lowest","New, Prime exclusive: Is Lowest 90 days","Lightning Deals: Is Lowest","Lightning Deals: Is Lowest 90 days","Buy Box Used: Is Lowest","Buy Box Used: Is Lowest 90 days","Used: Is Lowest","Used: Is Lowest 90 days","Used, like new: Is Lowest","Used, like new: Is Lowest 90 days","Used, very good: Is Lowest","Used, very good: Is Lowest 90 days","Used, good: Is Lowest","Used, good: Is Lowest 90 days","Used, acceptable: Is Lowest","Used, acceptable: Is Lowest 90 days","Warehouse Deals: Is Lowest","Warehouse Deals: Is Lowest 90 days","Refurbished: Is Lowest","Refurbished: Is Lowest 90 days","Collectible: Is Lowest","Collectible: Is Lowest 90 days","List Price: Is Lowest","List Price: Is Lowest 90 days","Trade-In: Is Lowest","Trade-In: Is Lowest 90 days","eBay New: Is Lowest","eBay New: Is Lowest 90 days","eBay Used: Is Lowest","eBay Used: Is Lowest 90 days","Is heat sensitive","Locale","Image","Swatch Image","Image Count","Title","Description & Features: Description","Description & Features: Short Description","Description & Features: Feature 1","Description & Features: Feature 2","Description & Features: Feature 3","Description & Features: Feature 4","Description & Features: Feature 5","Description & Features: Feature 6","Description & Features: Feature 7","Description & Features: Feature 8","Description & Features: Feature 9","Description & Features: Feature 10","Sales Rank: Current","Sales Rank: 90 days avg.","Sales Rank: 30 days avg.","Sales Rank: 180 days avg.","Sales Rank: 365 days avg.","Sales Rank: 1 day drop %","Sales Rank: 7 days drop %","Sales Rank: 30 days drop %","Sales Rank: 90 days drop %","Sales Rank: Drop since last visit","Sales Rank: Drop % since last visit","Sales Rank: Last visit","Sales Rank: Lowest","Sales Rank: Highest","Sales Rank: Drops last 30 days","Sales Rank: Drops last 90 days","Reviews: Rating","Reviews: Rating Count","Sales Rank: Drops last 180 days","Sales Rank: Drops last 365 days","Sales Rank: Reference","Sales Rank: Display Group","Sales Rank: Subcategory Sales Ranks","Monthly Sales Trends: Bought in past month","Monthly Sales Trends: 90 days change % monthly sold","Return Rate","Reviews: Rating Count - 30 days avg.","Reviews: Rating Count - 90 days avg.","Reviews: Rating Count - 180 days avg.","Reviews: Rating Count - 365 days avg.","Reviews: Rating Count - 1 day drop %","Reviews: Rating Count - 7 days drop %","Reviews: Rating Count - 30 days drop %","Reviews: Rating Count - 90 days drop %","Reviews: Review Count - Format Specific","Last Price Change","Last Update","Last Offer Update","Buy Box: Current","Buy Box: Shipping Costs","Buy Box: 30 days avg.","Buy Box: 90 days avg.","Buy Box: 180 days avg.","Buy Box: 365 days avg.","Buy Box: 1 day drop %","Buy Box: 7 days drop %","Buy Box: 30 days drop %","Buy Box: 90 days drop %","Buy Box: Drop since last visit","Buy Box: Drop % since last visit","Buy Box: Last visit","Buy Box: Lowest","Buy Box: Highest","Buy Box: Stock","Buy Box: 90 days OOS","Buy Box: Availability of the Buy Box","Buy Box: Shipping time","Buy Box: Strikethrough Price","Buy Box: Strikethrough Price Type","Buy Box: Buy Box Seller","Buy Box: Shipping Country","Buy Box: % Amazon 30 days","Buy Box: % Amazon 90 days","Buy Box: % Amazon 180 days","Buy Box: % Amazon 365 days","Buy Box: % Top Seller 30 days","Buy Box: % Top Seller 90 days","Buy Box: % Top Seller 180 days","Buy Box: % Top Seller 365 days","Buy Box: Winner Count 30 days","Buy Box: Winner Count 90 days","Buy Box: Winner Count 180 days","Buy Box: Winner Count 365 days","Buy Box: Standard Deviation 30 days","Buy Box: Standard Deviation 90 days","Buy Box: Standard Deviation 365 days","Buy Box: Flipability 30 days","Buy Box: Flipability 90 days","Buy Box: Flipability 365 days","Buy Box: Is FBA","Buy Box: Unqualified","Competitive Price Threshold","Suggested Lower Price","Buy Box: Pre-order","Buy Box: Back-order","Buy Box: Prime exclusive","Buy Box: Prime Eligible","Buy Box Eligible Offer Counts: New FBA","Buy Box Eligible Offer Counts: New FBM","Buy Box Eligible Offer Counts: Used FBA","Buy Box Eligible Offer Counts: Used FBM","Buy Box Eligible Offer Counts: Collectible FBA","Buy Box Eligible Offer Counts: Collectible FBM","Buy Box Eligible Offer Counts: Refurbished FBA","Buy Box Eligible Offer Counts: Refurbished FBM","Amazon: Current","Amazon: 30 days avg.","Amazon: 90 days avg.","Amazon: 180 days avg.","Amazon: 365 days avg.","Amazon: 1 day drop %","Amazon: 7 days drop %","Amazon: 30 days drop %","Amazon: 90 days drop %","Amazon: Drop since last visit","Amazon: Drop % since last visit","Amazon: Last visit","Amazon: Lowest","Amazon: Highest","Amazon: Stock","Amazon: 90 days OOS","Amazon: OOS Count 30 days","Amazon: OOS Count 90 days","Amazon: Availability of the Amazon offer","Amazon: Amazon offer shipping delay","New: Current","New: 30 days avg.","New: 90 days avg.","New: 180 days avg.","New: 365 days avg.","New: 1 day drop %","New: 7 days drop %","New: 30 days drop %","New: 90 days drop %","New: Drop since last visit","New: Drop % since last visit","New: Last visit","New: Lowest","New: Highest","New: 90 days OOS","New, 3rd Party FBA: Current","New, 3rd Party FBA: 30 days avg.","New, 3rd Party FBA: 90 days avg.","New, 3rd Party FBA: 180 days avg.","New, 3rd Party FBA: 365 days avg.","New, 3rd Party FBA: 1 day drop %","New, 3rd Party FBA: 7 days drop %","New, 3rd Party FBA: 30 days drop %","New, 3rd Party FBA: 90 days drop %","New, 3rd Party FBA: Drop since last visit","New, 3rd Party FBA: Drop % since last visit","New, 3rd Party FBA: Last visit","New, 3rd Party FBA: Lowest","New, 3rd Party FBA: Highest","New, 3rd Party FBA: Stock","Lowest FBA Seller","FBA Pick&Pack Fee","Referral Fee %","Referral Fee based on current Buy Box price","New, 3rd Party FBM: Current","New, 3rd Party FBM: 30 days avg.","New, 3rd Party FBM: 90 days avg.","New, 3rd Party FBM: 180 days avg.","New, 3rd Party FBM: 365 days avg.","New, 3rd Party FBM: 1 day drop %","New, 3rd Party FBM: 7 days drop %","New, 3rd Party FBM: 30 days drop %","New, 3rd Party FBM: 90 days drop %","New, 3rd Party FBM: Drop since last visit","New, 3rd Party FBM: Drop % since last visit","New, 3rd Party FBM: Last visit","New, 3rd Party FBM: Lowest","New, 3rd Party FBM: Highest","New, 3rd Party FBM: Stock","Lowest FBM Seller","New, Prime exclusive: Current","New, Prime exclusive: 30 days avg.","New, Prime exclusive: 90 days avg.","New, Prime exclusive: 180 days avg.","New, Prime exclusive: 365 days avg.","New, Prime exclusive: 1 day drop %","New, Prime exclusive: 7 days drop %","New, Prime exclusive: 30 days drop %","New, Prime exclusive: 90 days drop %","New, Prime exclusive: Drop since last visit","New, Prime exclusive: Drop % since last visit","New, Prime exclusive: Last visit","New, Prime exclusive: Lowest","New, Prime exclusive: Highest","Lightning Deals: Current","Buy Box Used: Current","Buy Box Used: 30 days avg.","Buy Box Used: 90 days avg.","Buy Box Used: 180 days avg.","Buy Box Used: 365 days avg.","Buy Box Used: 1 day drop %","Buy Box Used: 7 days drop %","Buy Box Used: 30 days drop %","Buy Box Used: 90 days drop %","Buy Box Used: Drop since last visit","Buy Box Used: Drop % since last visit","Buy Box Used: Last visit","Buy Box Used: Lowest","Buy Box Used: Highest","Buy Box Used: Buy Box Used Seller","Buy Box Used: Is FBA","Buy Box Used: Condition","Used: Current","Used: 30 days avg.","Used: 90 days avg.","Used: 180 days avg.","Used: 365 days avg.","Used: 1 day drop %","Used: 7 days drop %","Used: 30 days drop %","Used: 90 days drop %","Used: Drop since last visit","Used: Drop % since last visit","Used: Last visit","Used: Lowest","Used: Highest","Used: 90 days OOS","Used, like new: Current","Used, like new: 30 days avg.","Used, like new: 90 days avg.","Used, like new: 180 days avg.","Used, like new: 365 days avg.","Used, like new: 1 day drop %","Used, like new: 7 days drop %","Used, like new: 30 days drop %","Used, like new: 90 days drop %","Used, like new: Drop since last visit","Used, like new: Drop % since last visit","Used, like new: Last visit","Used, like new: Lowest","Used, like new: Highest","Used, very good: Current","Used, very good: 30 days avg.","Used, very good: 90 days avg.","Used, very good: 180 days avg.","Used, very good: 365 days avg.","Used, very good: 1 day drop %","Used, very good: 7 days drop %","Used, very good: 30 days drop %","Used, very good: 90 days drop %","Used, very good: Drop since last visit","Used, very good: Drop % since last visit","Used, very good: Last visit","Used, very good: Lowest","Used, very good: Highest","Used, good: Current","Used, good: 30 days avg.","Used, good: 90 days avg.","Used, good: 180 days avg.","Used, good: 365 days avg.","Used, good: 1 day drop %","Used, good: 7 days drop %","Used, good: 30 days drop %","Used, good: 90 days drop %","Used, good: Drop since last visit","Used, good: Drop % since last visit","Used, good: Last visit","Used, good: Lowest","Used, good: Highest","Used, acceptable: Current","Used, acceptable: 30 days avg.","Used, acceptable: 90 days avg.","Used, acceptable: 180 days avg.","Used, acceptable: 365 days avg.","Used, acceptable: 1 day drop %","Used, acceptable: 7 days drop %","Used, acceptable: 30 days drop %","Used, acceptable: 90 days drop %","Used, acceptable: Drop since last visit","Used, acceptable: Drop % since last visit","Used, acceptable: Last visit","Used, acceptable: Lowest","Used, acceptable: Highest","Warehouse Deals: Current","Warehouse Deals: 30 days avg.","Warehouse Deals: 90 days avg.","Warehouse Deals: 180 days avg.","Warehouse Deals: 365 days avg.","Warehouse Deals: 1 day drop %","Warehouse Deals: 7 days drop %","Warehouse Deals: 30 days drop %","Warehouse Deals: 90 days drop %","Warehouse Deals: Drop since last visit","Warehouse Deals: Drop % since last visit","Warehouse Deals: Last visit","Warehouse Deals: Lowest","Warehouse Deals: Highest","Refurbished: Current","Refurbished: 30 days avg.","Refurbished: 90 days avg.","Refurbished: 180 days avg.","Refurbished: 365 days avg.","Refurbished: 1 day drop %","Refurbished: 7 days drop %","Refurbished: 30 days drop %","Refurbished: 90 days drop %","Refurbished: Drop since last visit","Refurbished: Drop % since last visit","Refurbished: Last visit","Refurbished: Lowest","Refurbished: Highest","Collectible: Current","Collectible: 30 days avg.","Collectible: 90 days avg.","Collectible: 180 days avg.","Collectible: 365 days avg.","Collectible: 1 day drop %","Collectible: 7 days drop %","Collectible: 30 days drop %","Collectible: 90 days drop %","Collectible: Drop since last visit","Collectible: Drop % since last visit","Collectible: Last visit","Collectible: Lowest","Collectible: Highest","List Price: Current","List Price: 30 days avg.","List Price: 90 days avg.","List Price: 180 days avg.","List Price: 365 days avg.","List Price: 1 day drop %","List Price: 7 days drop %","List Price: 30 days drop %","List Price: 90 days drop %","List Price: Drop since last visit","List Price: Drop % since last visit","List Price: Last visit","List Price: Lowest","List Price: Highest","Trade-In: Current","Trade-In: 30 days avg.","Trade-In: 90 days avg.","Trade-In: 180 days avg.","Trade-In: 365 days avg.","Trade-In: 1 day drop %","Trade-In: 7 days drop %","Trade-In: 30 days drop %","Trade-In: 90 days drop %","Trade-In: Drop since last visit","Trade-In: Drop % since last visit","Trade-In: Last visit","Trade-In: Lowest","Trade-In: Highest","eBay New: Current","eBay New: 30 days avg.","eBay New: 90 days avg.","eBay New: 180 days avg.","eBay New: 365 days avg.","eBay New: 1 day drop %","eBay New: 7 days drop %","eBay New: 30 days drop %","eBay New: 90 days drop %","eBay New: Drop since last visit","eBay New: Drop % since last visit","eBay New: Last visit","eBay New: Lowest","eBay New: Highest","eBay Used: Current","eBay Used: 30 days avg.","eBay Used: 90 days avg.","eBay Used: 180 days avg.","eBay Used: 365 days avg.","eBay Used: 1 day drop %","eBay Used: 7 days drop %","eBay Used: 30 days drop %","eBay Used: 90 days drop %","eBay Used: Drop since last visit","eBay Used: Drop % since last visit","eBay Used: Last visit","eBay Used: Lowest","eBay Used: Highest","Total Offer Count","New Offer Count: Current","New Offer Count: 30 days avg.","New Offer Count: 90 days avg.","New Offer Count: 180 days avg.","New Offer Count: 365 days avg.","New Offer Count: 1 day drop %","New Offer Count: 7 days drop %","New Offer Count: 30 days drop %","New Offer Count: 90 days drop %","New FBA Offer Count: Current","Used Offer Count: Current","Used Offer Count: 30 days avg.","Used Offer Count: 90 days avg.","Used Offer Count: 180 days avg.","Used Offer Count: 365 days avg.","Used Offer Count: 1 day drop %","Used Offer Count: 7 days drop %","Used Offer Count: 30 days drop %","Used Offer Count: 90 days drop %","Refurbished Offer Count: Current","Refurbished Offer Count: 30 days avg.","Refurbished Offer Count: 90 days avg.","Refurbished Offer Count: 180 days avg.","Refurbished Offer Count: 365 days avg.","Refurbished Offer Count: 1 day drop %","Refurbished Offer Count: 7 days drop %","Refurbished Offer Count: 30 days drop %","Refurbished Offer Count: 90 days drop %","Collectible Offer Count: Current","Collectible Offer Count: 30 days avg.","Collectible Offer Count: 90 days avg.","Collectible Offer Count: 180 days avg.","Collectible Offer Count: 365 days avg.","Collectible Offer Count: 1 day drop %","Collectible Offer Count: 7 days drop %","Collectible Offer Count: 30 days drop %","Collectible Offer Count: 90 days drop %","Tracking since","Listed since","URL: Amazon","URL: Keepa","Categories: Root","Categories: Sub","Categories: Tree","Website Display Group: Name","Website Display Group: Identifier","Imported by Code","Product Codes: EAN","Product Codes: GTIN","Product Codes: UPC","Product Codes: PartNumber","Parent ASIN","Variation ASINs","Variation Count","Bundle Items","Freq. Bought Together","Type","Manufacturer","Brand","Brand Store Name","Brand Store URL Name","Brand Store URL","Model","Variation Attributes","Color","Size","Unit Details: Unit Value","Unit Details: Unit Type","Scent","Item Form","Pattern","Style","Material","Item Type","Target Audience","Recommended Uses","Specific Uses","Product Benefit","Edition","Format","Author","Contributors","Binding","Number of Items","Number of Pages","Publication Date","Release Date","Languages","Videos: Video Count","Videos: Has Main Video","Videos: Main Videos","Videos: Additional Videos","A+ Content: Has A+ Content","A+ Content: A+ From Manufacturer","A+ Content: A+ Content","Package: Dimension (cm³)","Package: Length (cm)","Package: Width (cm)","Package: Height (cm)","Package: Weight (g)","Package: Quantity","Item: Dimension (cm³)","Item: Length (cm)","Item: Width (cm)","Item: Height (cm)","Item: Weight (g)","Included Components","Ingredients","Active Ingredients","Special Ingredients","Safety Warning","Batteries Required","Batteries Included","Hazardous Materials","Is HazMat","Adult Product","Is Merch on Demand","Trade-In Eligible","Deals: Deal Type","Deals: Badge","Buy Box: Subscribe & Save","One Time Coupon: Absolute","One Time Coupon: Percentage","One Time Coupon: Subscribe & Save %","Business Discount: Percentage","New FBM Offer Count: Current","Monthly Sales Trends: Monthly Sold (Last Known)","Monthly Sales Trends: Monthly Sold Date (Last Known)","Monthly Sales Trends: Monthly Sold (Peak)","Monthly Sales Trends: Monthly Sold Date (Peak)"
"1","1","1","1","0 %","0 %","0 %","0 %","","","","","","","","","Mobile-Business-Security-Anti-Theft-Monitoring","","B09LGJXPS9","","no","no","no","yes","no","no","no","yes","no","yes","no","no","no","no","no","no","no","no","no","no","no","no","no","no","no","no","no","no","no","no","no","no","no","no","no","yes","no","no","no","no","no","no","no","com","https://m.media-amazon.com/images/I/61JQwrfKk8L.jpg;https://m.media-amazon.com/images/I/61TR0D8J0cL.jpg;https://m.media-amazon.com/images/I/618tBb-xXWL.jpg;https://m.media-amazon.com/images/I/71ltgl8DhaL.jpg;https://m.media-amazon.com/images/I/71zSD1FmvAL.jpg;https://m.media-amazon.com/images/I/71iW7TrbqrL.jpg;https://m.media-amazon.com/images/I/71L4lkkncML.jpg;https://m.media-amazon.com/images/I/51BzbDwcTNL.jpg","","8","Jolt Mobile $12.00-3GB Data Plan on AT&T 5G 4G LTE Network SIM Card for Business-Office-Home Use - Triple Cut SIM","DATA Only Plan. 3GB of LTE DATA for 30 days for $12 a month.
Jolt Mobile offers customizable wireless plans to fit your needs. Get our Broadband Plans for your home or business, MiFi, 4G Modem or Hotspot, with affordable plans.

Device must be compatible with AT&T network frequencies and bands.

Stay connected to AT&T’s secure IoT nationwide network, specifically designed to maximize your device performance. Jolt Mobile recommends using 4G or newer devices for better service.

Our service will work within the United States Only Check Coverage at Joltiotmap Check Coverage: Joltiotmap To activate: Activatejolt To Refill: Refilljolt

Jolt Mobile offers its services through subscription plans which auto-renew every 30 days. Service begins as soon as you activate your service. You'll be charged the rate stated at the time of purchase, every month, until you cancel. There is No Contract. Cancellations can be made any time by contacting customer support. A valid credit card is required to cover overages in case you exceed the applicable Voice, SMS and Data limits.","","Alarm SIM is designed for users that need a minimal amount of airtime each month. Receive alerts from your wireless GSM home/Business security alarm system for just $12.00","3GB of 4G LTE Data $12 Monthly. This Data plan is great choice when you need data service on your device. Stay online and connected, you can add more balance when you use the current data.","3 in 1 SIM card: Standard-sized SIM, a Micro-sized SIM or a Nano-sized SIM card to fit any device. Punch out the Size you need.","Jolt Mobile service will work within the UNITED STATES ONLY. Check Coverage at JOLTiotmap. Activate via Activatejolt. Refill at Refilljolt","Compatible with any 5G 4G LTE devices for home or business, such as but not limited to 5G 4G LTE MiFi, Modem, Router, Hotspot, Laptops or Tablets using Triple Cut SIM card (fits any device – Standard SIM, Micro SIM and Nano SIM)","We offer professional online ordering and customer support to resolve any issues you encounter. Your satisfaction is our top priority! Don't hesitate to message us with your questions and provide your SIM card number (keep it safe) for personalized assistance.","","","","","","","","","","","","","","","","","2250580","2250580","0","0","5","1","0","0","","","# 3,523 | Top 9% | Home Security Systems","","","","1","1","1","1","","","","","-","2026/02/17 15:40","2026/05/01 02:28","2025/11/16 09:04","12.00","","12.00","12.00","12.00","11.81","0 %","0 %","0 %","0 %","$ 0.00","0 %","12.00","6.00","12.00","","0 %","IN_STOCK","","-","","SpeedTalk Mobile (98%) / A13X3GVNM9G7YR","","0 %","0 %","0 %","0 %","100 %","100 %","100 %","97 %","1","1","1","1","-","-","0.64","8","8","60","yes","no","-","","no","no","no","yes","1","0","0","0","0","0","0","0","","","","","","","","","","","","","","","","100 %","1","1","no Amazon offer exists","","12.00","12.00","12.00","12.00","11.81","0 %","0 %","0 %","0 %","$ 0.00","0 %","12.00","6.00","12.00","0 %","","12.00","12.00","12.00","10.88","","","","","","","","6.00","12.00","","-","3.44","15 %","1.80","","","","","","","","","","","","","12.00","12.00","","-","","","","","","","","","","","","","","","","","","","","","","","","","","","","","","","no","","","","","","","","","","","","","","","","100 %","","","","","","","","","","","","","","","","","","","","","","","","","","","","","","","","","","","","","","","","","","","","","","","","","","","","","","","","","","","","","","","","","","","","","","","","","","","","","","","","","","","","","","","","","","","","","","","","","","","12.00","12.00","12.00","12.00","12.00","0 %","0 %","0 %","0 %","$ 0.00","0 %","12.00","12.00","12.00","","","","","","","","","","","","","","","","","","","","","","","","","","","","","","","","","","","","","","","","","","","1","1","1","1","1","1","0 %","0 %","0 %","0 %","1","","","","","","","","","","","","","","","","","","","","","","","","","","","","2021/12/03","2021/11/10","https://www.amazon.com/dp/B09LGJXPS9","https://keepa.com/#!product/1-B09LGJXPS9","Electronics","Home Security Systems","Electronics › Security & Surveillance › Home Security Systems","Wireless","wireless_display_on_website","","0850028221181","","850028221181","","","","0","","","SIM_CARD","SpeedTalk Mobile","SpeedTalk Mobile","SpeedTalk Mobile","SpeedTalkMobile","https://www.amazon.com/stores/SpeedTalkMobile/page/F3D278F0-9F00-49C0-9A70-02C3A04B24F3","","","","","1","Count","","","","","","home-security-systems","","","","","","","","","","1","","","","","2","yes","[{""creator"":""Creator: Main"",""duration"":""25s"",""image"":""https://m.media-amazon.com/images/I/91MwdmLDiPL.png"",""name"":""SpeedTalk Mobile"",""title"":""Introducing the triple-cut SIM card"",""url"":""https://m.media-amazon.com/images/S/vse-vms-transcoding-artifact-us-east-1-prod/d1e2733c-3c87-40ed-87d6-0c40f7b433d4/default.jobtemplate.hls.m3u8""}]","[{""creator"":""Creator: Seller"",""duration"":""41s"",""image"":""https://m.media-amazon.com/images/I/41D3oP7BD7L.jpg"",""name"":""SpeedTalk Mobile"",""title"":""SpeedTalk Mobile Alarm System Sim Card"",""url"":""https://m.media-amazon.com/images/S/vse-vms-transcoding-artifact-us-east-1-prod/6fa9fd0e-5f18-48fd-a8f0-4d50f59aedcd/default.jobtemplate.hls.m3u8""}]","no","no","","104","12","8.7","1","9","0","34","8.9","6.4","0.6","","","","","","","no","no","","no","no","no","no","","","no","-","","","","","","","",""
"1","1","1","1","0 %","0 %","0 %","0 %","","","","","","","","","Card-Minutes-250MB-Service-Contract","","B01H4D5EHO","","no","no","no","yes","no","no","no","yes","no","yes","no","no","no","no","no","no","no","no","no","no","no","no","no","no","no","no","no","no","no","no","no","no","no","no","no","yes","no","no","no","no","no","no","no","com","https://m.media-amazon.com/images/I/71K6tqOzYaL.jpg;https://m.media-amazon.com/images/I/61Y-cxQ64mL.jpg;https://m.media-amazon.com/images/I/615LFqmIqwL.jpg;https://m.media-amazon.com/images/I/71aFLnxg1PL.jpg;https://m.media-amazon.com/images/I/71RtRr-292S.jpg;https://m.media-amazon.com/images/I/81cNX3ZS30L.jpg;https://m.media-amazon.com/images/I/71Lf1bNfH3L.jpg","","7","SpeedTalk Mobile $5 SIM Card Kit for 5G 4G LTE iOS Android Smart Phones 100 Minutes, 100 Text & 100 MB Data Cellphone Plan | 3 in 1 Simcard - Standard Micro Nano | 30 Days Service | USA Coverage","No Contract. Use your own device - activate any 5G 4G LTE T-Mobile phone, AT&T unlocked phone, Apple iPhone, Android, Windows, any compatible GSM cell phone or other compatible tablets. Ready to use. Activation Code included. Plan includes 100 minutes and 100 Text and 100 MB Data for 30 days. Nationwide lightning fast 4G LTE service on GSM Network

Our service will work within the United States.

Check Coverage at STKMap
Activate via ActivateSpeedTalk

After SIM activation, it may take up to 24 hours for the GPRS and data settings to sync and update with your device. Make sure to turn on your device in an area with good reception.

SpeedTalk Mobile offers its services through subscription plans which auto-renew every 30 days. Plan begins as soon as you activate your SIM card. Plans will auto-renew at the rate stated at the time of purchase, every month, until you cancel. Easy cancellations can be made any time through our website or by contacting customer support. A valid credit card is required at the time of activation.","","Plan includes a total of 100 minutes, 100 text & 100 MB data. Each unit can be used in any combination of Talk/Text/Data.","EASY ACTIVATION: Valid credit card is needed at activation, No contracts, Cancel anytime. Speedtalk Mobile offers its services through subscription plans. You can also call us for assistance 7 days a week LIVE CUSTOMER SUPPORT when you call our toll-free number.","You have the option to port-in (keep) your existing phone number or get a new one.","3 in 1 SIM CARD KIT (Mini/Micro/Nano). SIM card can be used to activate any unlocked 5G 4G GSM compatible phone including iPhones, Androids and non-smartphones.","5G 4G LTE NATIONWIDE COVERAGE including Hawaii, Puerto Rico, and US Virgin Islands (does not include Alaska) on the largest and fastest network. Check Coverage at STKMap.","","","","","","233761","180794","171356","165834","146158","-5 %","-7 %","-36 %","-29 %","-141,170","-99 %","92591","18279","240645","3","7","3.5","188","21","62","Cell Phones & Accessories","wireless_display_on_website","# 538 | Top 4% | SIM Cards","","","","190","191","190","189","","","","","-","2026/02/09 12:32","2026/05/13 14:08","2026/05/04 13:28","5.00","","5.00","5.00","5.00","5.00","0 %","0 %","0 %","0 %","$ 0.00","0 %","5.00","3.75","9.75","","0 %","IN_STOCK","","-","","SpeedTalk Mobile (98%) / A13X3GVNM9G7YR","","0 %","0 %","0 %","0 %","100 %","100 %","100 %","99 %","1","1","1","1","-","-","0.05","8","8","60","yes","no","-","","no","no","no","yes","1","0","0","0","0","0","0","0","","","","","","","","","","","","","","","","100 %","1","1","no Amazon offer exists","","5.00","5.00","5.00","5.00","5.00","0 %","0 %","0 %","0 %","$ 0.00","0 %","5.00","3.75","9.75","0 %","","5.00","5.00","5.00","5.00","","","","","","","","3.75","9.75","","-","2.52","15 %","0.75","","","","","","","","","","","","","8.99","8.99","","-","","","","","","","","","","","","","","","","","","","","","","","","","","","","","","","no","","","","","","","","","","","","","","3.17","9.07","100 %","","","","","","","","","","","","","3.17","8.22","","","","","","","","","","","","","4.51","8.70","","","","","","","","","","","","","","","","","","","","","","","","","","","","","","","","","","","","","","","","","3.17","8.70","","","","","","","","","","","","","","","","","","","","","","","","","","","","","5.00","5.00","5.00","5.00","5.00","0 %","0 %","0 %","0 %","$ 0.00","0 %","5.00","5.00","9.75","","","","","","","","","","","","","","","","","","","","","","","","","","","","","","","","","","","","","","","","","","","1","1","1","1","1","1","0 %","0 %","0 %","0 %","1","","","","","","","","","","","","","","","","","","","","","","","","","","","","2016/12/15","2016/06/16","https://www.amazon.com/dp/B01H4D5EHO","https://keepa.com/#!product/1-B01H4D5EHO","Cell Phones & Accessories","SIM Cards","Cell Phones & Accessories › SIM Cards & Prepaid Minutes › SIM Cards","Wireless","wireless_display_on_website","","0793052170318","","793052170318","","","","0","","B07MGJBRTQ","SIM_CARD","SpeedTalk Mobile","SpeedTalk Mobile","SpeedTalk Mobile","SpeedTalkMobile","https://www.amazon.com/stores/SpeedTalkMobile/page/F3D278F0-9F00-49C0-9A70-02C3A04B24F3","9244","","","Triple Cut","3","Count","","","","","","cell-phone-sim-cards","","","","","","","","","","3","","","","","4","yes","[{""creator"":""Creator: Main"",""duration"":""25s"",""image"":""https://m.media-amazon.com/images/I/91MwdmLDiPL.png"",""name"":""SpeedTalk Mobile"",""title"":""Introducing the triple-cut SIM card"",""url"":""https://m.media-amazon.com/images/S/vse-vms-transcoding-artifact-us-east-1-prod/d1e2733c-3c87-40ed-87d6-0c40f7b433d4/default.jobtemplate.hls.m3u8""}]","[{""creator"":""Creator: Seller"",""duration"":""48s"",""image"":""https://m.media-amazon.com/images/I/5191IIMecsL.jpg"",""name"":""SpeedTalk Mobile"",""title"":""SpeedTalk Mobile Pre Paid Sim Card Kit"",""url"":""https://m.media-amazon.com/images/S/vse-vms-transcoding-artifact-us-east-1-prod/ee09e039-adf7-4396-a758-b09a197b5067/default.jobtemplate.hls.m3u8""},{""creator"":""Creator: Seller"",""duration"":""50s"",""image"":""https://m.media-amazon.com/images/I/51roFvW6RNL.jpg"",""name"":""SpeedTalk Mobile"",""title"":""SpeedTalk Mobile Pre Paid Sim Card Plan"",""url"":""https://m.media-amazon.com/images/S/vse-vms-transcoding-artifact-us-east-1-prod/1cd7a270-22c4-4e86-86d1-8764102b59ed/default.jobtemplate.hls.m3u8""},{""creator"":""Creator: Customer"",""duration"":""68s"",""image"":""https://m.media-amazon.com/images/I/61vYt4Sbm7L.jpg"",""name"":""pisces"",""title"":""Do NOT buy!!! The GPS can stop working any time!"",""url"":""https://m.media-amazon.com/images/S/vse-vms-transcoding-artifact-us-east-1-prod/bc6c9e2c-0133-4cd2-8c7a-29bf05efad24/default.jobtemplate.hls.m3u8""}]","no","no","","32","12.1","8.9","0.3","5","1","15","8.9","5.6","0.3","","","","","","","no","no","","no","no","no","no","","","no","-","","","","","","","",""
"2","3","3","3","0 %","0 %","0 %","33 %","","","","","","","","","SpeedTalk-Mobile-Android-Preloaded-Cellphone","","B07G9P5ZBW","SpeedTalk Mobile $5 Prepaid Wireless Pay Go Plan for Smartphones & Cellphones | 5G 4G LTE | Triple Cut (Mini,Micro,Nano) Sim Card | No Contract | 30-Day Service","no","no","no","yes","no","no","no","yes","no","yes","no","no","no","no","no","no","no","no","no","no","no","no","no","no","no","no","no","no","no","no","no","no","no","no","no","yes","no","no","no","no","no","no","no","com","https://m.media-amazon.com/images/I/71sCahvt2eL.jpg;https://m.media-amazon.com/images/I/61TC8zlxZ3L.jpg;https://m.media-amazon.com/images/I/71hiRhDWbcL.jpg;https://m.media-amazon.com/images/I/71f98w+szFL.jpg;https://m.media-amazon.com/images/I/71Wv4gAWmRL.jpg;https://m.media-amazon.com/images/I/81cNX3ZS30L.jpg;https://m.media-amazon.com/images/I/71RtRr-292S.jpg;https://m.media-amazon.com/images/I/71vooBnwmmL.jpg;https://m.media-amazon.com/images/I/71kY8cTX0QL.jpg","","9","SpeedTalk Mobile $5 Prepaid Wireless Pay Go Plan for Smartphones & Cellphones | 5G 4G LTE | 100 Talk, 100 Text, 100 MB Data |Triple Cut (Mini,Micro,Nano) Sim Card | No Contract | 30-Day Service","","","Cellular Service for Just $5: One of the lowest and most affordable subscription plans! Includes 100 talk minutes, 100 texts, and 100MB of ultra-fast data with your prepaid SIM card. No contracts!","Easy Activation: A valid credit card is required for activation. No contracts, Cancel anytime. SpeedTalk Mobile offers its services through subscription plans. You can also call us for assistance 7 days a week with live technical support when you contact our toll-free number.","Universal Compatibility: Bring your own phone and use any compatible device on the SpeedTalk Mobile network. The SIM card can be used to activate any unlocked 5G, 4G LTE, and VoLTE-compatible phone, including iPhones, Android devices (Samsung Galaxy, Google Pixel, LG), Windows phones, and non-smartphones. Our triple-cut SIM card is designed in three sizes (Mini/Micro/Nano) to ensure compatibility with a wide variety of devices. Simply punch out the size that fits your device and insert it.","How does it work: The SIM Kit includes a 3-in-1 SIM card (standard, micro, and nano sim card) to fit all SIM Devices. Also it supports eSIM activation on Apple, Google, Samsung devices.","eSIM: During activation, you can choose to use your physical SIM or switch to eSIM. The eSIM is available on iPhone 11 and newer models, Google Pixel 2 and higher, and compatible Samsung devices.","Keep Your Phone Number: Stay in touch with your existing contacts without paying a high monthly bill. We offer the option to keep your current phone number or get a new one at no extra charge.","Premium Nationwide Coverage: Forget about dropped calls, loading issues, or slow data speeds. SpeedTalk Mobile provides 5G 4G LTE nationwide coverage, including Hawaii, Puerto Rico, and the U.S. Virgin Islands, on the largest and fastest network. You can check specific coverage areas on the SpeedTalk Mobile coverage map.","Perfect for Everyday Use: Affordable prepaid SIM card USA with flexible cell phone plans. Ideal SIM card for phone users looking for reliable mobile prepaid plans with no contracts.","Reliable Mobile Connectivity: Enjoy dependable cellular service plans with a prepaid SIM card for unlocked phones. A simple SIM card for phone solution with flexible mobile prepaid plans.","Quick & Easy Activation: Activate your prepaid SIM card in minutes directly from the SpeedTalk Mobile website. Simple online setup with flexible cellular service plans and no long-term contracts.","4196","4614","4161","6553","8665","6 %","0 %","-1 %","9 %","5,869","58 %","10065","3065","35330","39","242","3.4","3134","521","720","Cell Phones & Accessories","wireless_display_on_website","# 1 | Top 0.17% | Cell Phone Minutes","500","-2 %","","3129","3116","3095","3043","0 %","0 %","0 %","-1 %","645","2026/03/20 08:16","2026/05/27 11:16","2026/05/26 07:52","5.00","","5.00","5.00","5.00","5.00","0 %","0 %","0 %","0 %","$ 0.00","0 %","5.00","3.75","9.75","3","0 %","IN_STOCK","","-","","SpeedTalk Mobile (98%) / A13X3GVNM9G7YR","","0 %","0 %","0 %","0 %","100 %","100 %","99 %","100 %","1","2","2","2","-","-","-","8","8","8","yes","no","-","","no","no","no","yes","2","0","0","0","0","0","0","0","","","","","","","","","","","","","","","","100 %","1","1","no Amazon offer exists","","5.00","5.00","5.00","5.00","5.00","0 %","0 %","0 %","0 %","$ 0.00","0 %","5.00","3.75","9.75","0 %","5.00","5.00","5.00","5.00","5.00","0 %","0 %","0 %","0 %","$ 0.00","0 %","5.00","3.75","9.75","6","SpeedTalk Mobile (98%) / A13X3GVNM9G7YR","2.52","15 %","0.75","","","","","","","","","","","","","4.88","9.75","","-","","","","","","","","","","","","","","","","","","","","","","","","","","","","","","","no","","","","","","","","","","","","","","2.08","9.07","100 %","","","","","","","","","","","","","3.71","4.75","","","","","","","","","","","","","2.73","9.07","","","","","","","","","","","","","","","","","","","","","","","","","","","","","","","","","","","","","","","","","2.73","9.07","","","","","","","","","","","","","","","","","","","","","","","","","","","","","5.00","5.00","5.00","5.00","5.00","0 %","0 %","0 %","0 %","$ 0.00","0 %","5.00","5.00","9.99","","","","","","","","","","","","","","","","","","","","","","","","","","","","","","","","","","","","","","","","","","","2","2","2","3","2","2","0 %","0 %","0 %","33 %","2","","","","","","","","","","","","","","","","","","","","","","","","","","","","2018/08/09","2018/08/09","https://www.amazon.com/dp/B07G9P5ZBW?psc=1","https://keepa.com/#!product/1-B07G9P5ZBW","Cell Phones & Accessories","Cell Phone Minutes","Cell Phones & Accessories › SIM Cards & Prepaid Minutes › Cell Phone Minutes","Wireless","wireless_display_on_website","","0793052172671","","793052172671","","B0FRWN5W3V","B07G9P5ZBW,B0BS1W6HJM,B0CLX2QN4Q","3","","","SIM_CARD","SpeedTalk Mobile","SpeedTalk Mobile","SpeedTalk Mobile","SpeedTalkMobile","https://www.amazon.com/stores/SpeedTalkMobile/page/F3D278F0-9F00-49C0-9A70-02C3A04B24F3","$5 - 100MB - 100 Talk & 100 Text","Model: $5 - 100MB - 100 Talk & 100 Text;","","","1","Count","","","","","","prepaid-cell-phone-minutes","","","","","","","","","","1","","","","","6","yes","[{""creator"":""Creator: Main"",""duration"":""31s"",""image"":""https://m.media-amazon.com/images/I/A1nv8OXXjqL.png"",""name"":""SpeedTalk Mobile"",""title"":""SpeedTalk Mobile esim tutorial"",""url"":""https://m.media-amazon.com/images/S/vse-vms-transcoding-artifact-us-east-1-prod/15f35dec-9ea7-4365-b4eb-5b1739415ed4/default.jobtemplate.hls.m3u8""}]","[{""creator"":""Creator: Seller"",""duration"":""50s"",""image"":""https://m.media-amazon.com/images/I/51roFvW6RNL.jpg"",""name"":""SpeedTalk Mobile"",""title"":""SpeedTalk Mobile Pre Paid Cell Phone Plan"",""url"":""https://m.media-amazon.com/images/S/vse-vms-transcoding-artifact-us-east-1-prod/fbf8f2cf-76de-4020-b038-4213ada3c772/default.jobtemplate.hls.m3u8""},{""creator"":""Creator: Seller"",""duration"":""40s"",""image"":""https://m.media-amazon.com/images/I/A1iPJdiNmlL.png"",""name"":""SpeedTalk Mobile"",""title"":""Meet speedtalk Mobile"",""url"":""https://m.media-amazon.com/images/S/vse-vms-transcoding-artifact-us-east-1-prod/5f4cc818-c13a-4876-b5a6-451c5ad555e9/default.jobtemplate.hls.m3u8""},{""creator"":""Creator: Seller"",""duration"":""29s"",""image"":""https://m.media-amazon.com/images/I/716x8Jn4zdL.jpg"",""name"":""SpeedTalk Mobile"",""title"":""SpeedTalk Mobile | Phones"",""url"":""https://m.media-amazon.com/images/S/vse-vms-transcoding-artifact-us-east-1-prod/4ee7f3ee-ddda-43bc-8ab0-342a8c6b316b/default.jobtemplate.hls.m3u8""},{""creator"":""Creator: Seller"",""duration"":""54s"",""image"":""https://m.media-amazon.com/images/I/B1m9dcWVs7L.png"",""name"":""SpeedTalk Mobile"",""title"":""SpeedTalk Mobile | Pay Go Plan"",""url"":""https://m.media-amazon.com/images/S/vse-vms-transcoding-artifact-us-east-1-prod/8497e8da-6247-426b-9ab8-1e0bb93c495b/default.jobtemplate.hls.m3u8""},{""creator"":""Creator: Seller"",""duration"":""25s"",""image"":""https://m.media-amazon.com/images/I/91MwdmLDiPL.png"",""name"":""SpeedTalk Mobile"",""title"":""Introducing the triple-cut SIM card"",""url"":""https://m.media-amazon.com/images/S/vse-vms-transcoding-artifact-us-east-1-prod/d1e2733c-3c87-40ed-87d6-0c40f7b433d4/default.jobtemplate.hls.m3u8""}]","yes","no","[{""fromManufacturer"":false,""module"":[{""asin"":[""B07G9P5ZBW"",""B075QNH2HP"",""B0BS1W6HJM"",""B0CLWSGD3V"",""B0CLX2QN4Q""]},{""image"":[""https://m.media-amazon.com/images/S/aplus-media-library-service-media/77d0cf43-3e93-42e0-8281-c00712c3a8b4.jpg""],""imageAltText"":[""Banner, mobile phone prepaid sim card usa speedtalk sim card micro nano sim wireless cellular eSIM""]},{""image"":[""https://m.media-amazon.com/images/S/aplus-media-library-service-media/899a8d8a-1dd3-4c4d-aa06-aad601de42b1.jpg""],""imageAltText"":[""cellphone service plans, phone service plans, unlimited data plan, cheap cell phone, e sim, esim""]},{""text"":[""SPECIFICATION"",""1.)"",""Quick and simple set up - Simple Activation, install the SIM card to any T-Mobile or unlocked cellphones, then dial, or text away!"",""2)"",""Triple Cut SIM (fits any device). Standard SIM, Micro SIM and Nano SIM. Just punch out the size you need for your wireless device."",""3.)"",""You have the option to port-in (keep) your existing phone number or get a new one."",""4.)"",""Our service will work within the UNITED STATES ONLY"",""5.)"",""SpeedTalk Mobile offers its services through subscription plans. Valid credit card is needed at activation. Taxes and surcharges may apply."",""6.)"",""EASY ACTIVATION: 3 EASY steps. You can also call for assistance. LIVE Support available 7 days a week.""]},{""image"":[""https://m.media-amazon.com/images/S/aplus-media-library-service-media/b4fa1a3e-9428-4ef1-9c07-837e141898fd.png""],""imageAltText"":[""prepaid cell phones unlocked, tarjeta sim, standard micro nano sim eSIM for gps tracker vehicle""]},{""image"":[""https://m.media-amazon.com/images/S/aplus-media-library-service-media/9ba40d95-8046-48f5-9771-cceeab97dd13.jpg""],""imageAltText"":[""trac fone prepaid card, mint mobile sim card, cellphones, tracphones prepaid phone, micro sim card""]},{""image"":[""https://m.media-amazon.com/images/S/aplus-media-library-service-media/d1270ad7-9dd9-4556-9c31-93d2f9acfe51.jpg""],""imageAltText"":[""Prepaid wireless Prepaid cellular prepaid sim card prepaid eSIM""],""text"":[""After SIM activation, it may take up to 24 hours for the GPRS and data settings to sync and update with your device. Make sure to turn on your device in an area with good reception"",""Please Note: 2G & 3G services might not be available in all areas due to carrier Decommissioning/ shutdown of these frequencies, SpeedTalk Mobile recommends using 4G or newer devices for better service. Existing SpeedTalk customers who are using the service on their 2G or 3G device, can continue purchase SpeedTalk products to refills/reup their existing accounts."",""SpeedTalk Mobile offers its services through subscription plans which auto-renew every 30 days. Plan begins as soon as you activate your service. You’ll be charged the rate stated at the time of purchase, every month, until you cancel. Cancellations can be made any time by contacting support. A valid credit card is required to cover overages in case you exceed the applicable data limit.""]}]}]","155","13.4","8.9","1.3","9","1","14","8.5","5.6","0.3","","","","","","","no","no","","no","no","no","no","","","no","-","","","","","500","2026/03/07","1000","2023/12/20"